product_id,product_name,category,brand_name,supplier_price,selling_price,profit_per_unit,storage_cost_per_day,discount_rate,expiration_days_left,shelf_life_total_days,current_stock,units_sold_last_7_days,units_sold_last_30_days,demand_score,seasonal_demand,supplier_lead_time,restock_quantity_min,restock_quantity_max,expected_units_sold_before_expiration,expected_revenue,expected_profit,should_restock
1,OSODN,Household,GoodTaste,13.16,15.98,2.82,0.83,0.008190172526452322,82,244,223,1,2,48,Low,8,23,65,5,79.9,-53.96,0
2,TZZCY,Canned,TopFarm,65.33,110.7,45.37,0.41,0.11921017796606458,98,391,7,43,172,95,Medium,5,8,49,66,7306.2,2954.24,1
3,ZBWKL,Canned,MegaFood,9.81,10.96,1.15,0.95,0.050425983385906814,86,189,292,37,222,21,Medium,9,8,64,64,701.44,-8.1,0
4,SPYCS,Dairy,TopFarm,35.06,46.5,11.44,1.47,0.07228445516706067,68,358,75,12,60,68,High,4,13,49,13,604.5,48.76,1
5,RNOJM,Household,FreshCo,43.51,56.73,13.22,2.03,0.2878101447576572,85,315,268,24,48,20,High,11,28,59,74,4198.02,805.73,0
6,VVIZA,Household,GoodTaste,43.16,60.33,17.17,0.26,0.2047674098104476,69,307,202,3,15,56,Low,12,5,51,34,2051.22,565.84,1
7,ETFHS,Bakery,MegaFood,63.31,77.94,14.63,1.85,0.08563095750154531,60,309,244,48,96,38,High,7,27,92,38,2961.72,444.94,0
8,IJEWH,Canned,GoodTaste,55.03,92.37,37.34,1.74,0.1644116592312949,167,424,213,42,84,81,Medium,8,20,59,42,3879.54,1277.7,1
9,HYGWK,Household,GoodTaste,35.45,49.78,14.33,0.19,0.032277500693974004,69,100,41,0,0,83,Medium,8,16,36,0,0.0,-13.11,0
10,KJCXR,Frozen,TopFarm,66.44,87.17,20.73,1.08,0.1261906822328431,165,415,71,30,180,40,Low,5,10,83,60,5230.2,1065.6,0
11,BEDSS,Drinks,SunMarket,13.2,16.03,2.83,1.34,0.001127760275065659,243,270,280,46,138,51,Low,13,28,35,42,673.26,-206.76,0
12,ZUVFZ,Frozen,MegaFood,38.01,54.08,16.07,1.21,0.1582755828971138,338,548,124,22,66,22,Low,13,18,37,1,54.08,-392.91,0
13,HQXTE,Household,SunMarket,63.17,112.23,49.06,1.43,0.08112970916658653,330,627,268,40,80,8,High,3,14,48,93,10437.39,4090.68,0
14,RZHDQ,Canned,FreshCo,16.49,18.36,1.87,0.38,0.26363688579431677,354,376,90,7,42,88,Low,4,21,90,74,1358.64,3.86,1
15,AVUFX,Frozen,FreshCo,26.67,37.52,10.85,1.85,0.19382651297589237,181,289,150,26,156,70,Low,4,28,73,85,3189.2,587.4,1
16,LGGFW,Frozen,GoodTaste,57.39,87.7,30.31,0.21,0.11685213557172791,188,273,276,11,66,59,Medium,9,18,68,96,8419.2,2870.28,1
17,GTOXS,Snacks,SunMarket,15.53,24.73,9.2,2.43,0.10368709631892183,17,215,132,49,294,97,High,4,17,56,1,24.73,-32.11,0
18,TANQK,Drinks,SunMarket,44.37,67.85,23.48,1.04,0.06578850403823529,331,483,23,46,184,79,Medium,5,27,46,2,135.7,-297.28,0
19,CEWYA,Drinks,GoodTaste,73.15,97.41,24.26,1.54,0.13784733087609433,351,623,114,18,54,78,Medium,5,24,84,15,1461.15,-176.64,0
20,FURRA,Bakery,MegaFood,31.64,47.08,15.44,0.79,0.032786776468781295,88,137,228,3,6,100,Medium,2,19,53,17,800.36,192.96,1
21,HXTXU,Dairy,GoodTaste,51.25,81.6,30.35,2.19,0.1850201835704076,84,250,257,45,225,54,High,5,8,61,55,4488.0,1485.29,1
22,HEUYD,Drinks,TopFarm,9.88,16.25,6.37,2.49,0.12648960325964612,70,188,176,9,36,18,Low,4,15,70,84,1365.0,360.78,0
23,CXUCS,Drinks,FreshCo,13.66,24.28,10.62,1.06,0.1827611555430928,214,305,92,26,104,92,Medium,14,19,63,2,48.56,-205.6,0
24,XEIIR,Household,FreshCo,27.63,36.83,9.2,0.37,0.20757535400226634,341,639,73,31,155,63,Low,4,15,96,85,3130.55,655.83,1
25,YLLJN,Snacks,SunMarket,69.81,112.73,42.92,1.16,0.05278153676902155,81,104,192,26,156,6,Medium,5,13,57,54,6087.42,2223.72,0
26,BWVHV,Snacks,TopFarm,55.91,72.75,16.84,2.38,0.2707838218968134,87,343,21,19,114,87,Low,9,23,52,3,218.25,-156.54,0
27,SWTMT,Household,MegaFood,66.86,94.31,27.45,0.25,0.09144398025803462,309,559,48,43,86,93,Medium,8,22,43,67,6318.77,1761.9,1
28,VMWIS,Frozen,MegaFood,45.62,79.04,33.42,2.1,0.17199398239044342,253,293,67,41,246,40,High,3,29,56,7,553.28,-297.36,0
29,YCRBQ,Household,FreshCo,53.65,90.9,37.25,0.17,0.06310617168016117,16,107,221,46,230,17,Medium,12,8,36,74,6726.6,2753.78,0
30,GDSQS,Frozen,MegaFood,24.3,35.09,10.79,0.59,0.056147556045092924,309,585,208,38,152,94,High,5,7,100,46,1614.14,314.03,1
31,XSBKH,Dairy,TopFarm,38.56,42.69,4.13,2.17,0.09559332929631094,282,473,110,0,0,59,Low,9,30,74,0,0.0,-611.94,0
32,GJEMG,Household,GoodTaste,71.79,96.13,24.34,2.13,0.20222713154954974,100,148,125,6,30,4,Medium,5,7,36,48,4614.24,955.32,0
33,MYJIV,Household,FreshCo,51.83,66.26,14.43,1.15,0.24772665059176366,307,515,75,20,100,40,High,1,21,34,47,3114.22,325.16,0
34,OMEUK,Snacks,GoodTaste,71.65,114.52,42.87,2.29,0.06400553759375606,105,207,222,45,225,0,Low,13,30,81,82,9390.64,3274.89,0
35,ITZVH,Household,GoodTaste,27.31,36.51,9.2,2.47,0.1640677698835,181,385,214,32,128,77,Low,12,26,83,69,2519.19,187.73,1
36,TVQRV,Dairy,FreshCo,51.84,71.14,19.3,0.84,0.21127903725086913,178,237,258,43,172,77,Medium,13,30,33,95,6758.3,1683.98,1
37,LUSCH,Dairy,TopFarm,41.62,59.7,18.08,0.59,0.0025643347514191285,109,208,159,31,124,55,High,9,9,56,54,3223.8,912.01,1
38,CFSTQ,Canned,GoodTaste,15.77,19.33,3.56,2.37,0.041547029943339475,276,358,143,22,132,24,Low,7,22,31,90,1739.7,-333.72,0
39,TDYDG,Household,TopFarm,76.14,96.81,20.67,1.55,0.02283639786855782,134,337,203,45,135,58,High,1,15,32,18,1742.58,164.36,1
40,VSBIX,Dairy,TopFarm,43.96,63.94,19.98,0.39,0.23526270016556486,304,553,162,30,180,51,Medium,10,25,50,48,3069.12,840.48,1
41,TCPCE,Canned,SunMarket,66.17,76.6,10.43,0.4,0.04354410553026898,87,210,122,19,38,36,Low,2,26,43,73,5591.8,726.59,0
42,HBKID,Canned,TopFarm,65.23,90.04,24.81,2.44,0.015514155384217042,184,391,64,11,55,93,High,2,10,60,14,1260.56,-101.62,0
43,IVTHG,Household,TopFarm,60.83,92.37,31.54,0.51,0.000262934908802126,226,494,197,17,85,4,High,11,9,78,46,4249.02,1335.58,0
44,YKLDB,Household,FreshCo,49.92,65.64,15.72,0.44,0.25143459524822204,132,360,288,13,65,83,Medium,5,30,96,99,6498.36,1498.2,1
45,WODLA,Snacks,MegaFood,61.67,90.24,28.57,1.34,0.19392610522257633,35,274,92,49,196,85,High,13,8,49,30,2707.2,810.2,1
46,FPTAQ,Snacks,GoodTaste,59.83,95.48,35.65,2.44,0.09511515786060994,222,310,38,15,75,0,Low,12,5,32,77,7351.96,2203.37,0
47,JNXLP,Household,FreshCo,76.89,117.41,40.52,1.03,0.06109615700444362,98,223,84,29,58,47,Low,1,17,38,2,234.82,-19.9,0
48,UYVRZ,Bakery,MegaFood,42.21,75.42,33.21,0.89,0.009691274905422964,81,327,120,26,130,86,Low,4,28,36,26,1960.92,791.37,1
49,HILGY,Drinks,SunMarket,42.73,58.95,16.22,1.01,0.21516430780510878,207,291,166,36,144,75,Low,7,10,71,14,825.3,18.01,1
50,PGZNO,Household,GoodTaste,51.99,60.09,8.1,0.67,0.17754062288925668,339,529,118,47,94,78,Medium,3,7,31,97,5828.73,558.57,1
51,PSQFR,Snacks,FreshCo,21.17,25.5,4.33,2.21,0.1940129889101951,260,492,63,48,144,18,Medium,10,9,73,9,229.5,-535.63,0
52,JTZTL,Snacks,MegaFood,23.93,32.01,8.08,1.04,0.06689304760066901,34,308,178,41,246,7,Low,7,19,59,94,3008.94,724.16,0
53,YHETR,Frozen,FreshCo,14.28,20.79,6.51,0.25,0.22922080101835662,183,209,163,30,90,88,Medium,4,13,57,61,1268.19,351.36,1
54,IIWTA,Snacks,FreshCo,25.42,42.01,16.59,0.9,0.06855853596711135,288,339,293,6,30,19,Low,14,12,74,52,2184.52,603.48,0
55,JUFZJ,Household,TopFarm,30.83,47.93,17.1,1.65,0.03663368407935001,92,288,133,43,172,18,Medium,11,7,91,66,3163.38,976.8,0
56,RZESC,Frozen,SunMarket,78.1,89.05,10.95,1.65,0.07684503085869883,15,175,274,32,192,67,High,14,21,53,7,623.35,51.9,1
57,JKKSI,Drinks,SunMarket,45.35,66.52,21.17,1.1,0.10426192824305354,51,293,160,41,246,52,High,14,21,67,9,598.68,134.43,1
58,FYXXS,Canned,FreshCo,76.92,112.6,35.68,2.14,0.294423162178037,106,168,112,48,144,7,Low,5,20,46,1,112.6,-191.16,0
59,DLYQT,Frozen,TopFarm,28.11,37.57,9.46,0.57,0.0997085008766264,19,224,17,5,25,36,High,2,27,69,15,563.55,131.07,0
60,LZFQV,Snacks,FreshCo,7.46,12.78,5.32,1.86,0.12356286009354797,213,238,240,16,48,82,High,3,10,88,87,1111.86,66.66,1
61,EFDXI,Household,FreshCo,57.81,88.13,30.32,2.12,0.16559822186349218,128,246,283,22,132,56,Medium,8,25,47,61,5375.93,1578.16,1
62,NIXSV,Drinks,MegaFood,17.63,26.06,8.43,1.25,0.25193914987345356,298,460,177,8,24,62,Low,10,15,79,77,2006.62,276.61,1
63,TUKNK,Canned,SunMarket,78.9,116.72,37.82,0.46,0.10206645342553271,189,470,250,1,4,38,Low,5,23,69,8,933.76,215.62,0
64,RWWWK,Frozen,TopFarm,21.83,35.07,13.24,0.21,0.002756500911138737,112,169,187,31,93,30,Low,1,7,59,98,3436.86,1274.0,0
65,UMDES,Dairy,FreshCo,12.16,21.62,9.46,1.3,0.2344142961927876,265,539,12,14,84,80,High,8,29,77,40,864.8,33.9,1
66,LGPUB,Canned,GoodTaste,58.08,74.95,16.87,1.24,0.24163174976153656,212,448,71,17,68,23,High,12,8,77,63,4721.85,799.93,0
67,FTDWN,Canned,FreshCo,65.05,99.63,34.58,1.81,0.10002568948038466,288,509,52,40,120,15,High,12,16,72,97,9664.11,2832.98,0
68,LBXIO,Snacks,MegaFood,79.82,107.69,27.87,0.3,0.12539886954343116,209,220,88,29,145,71,Medium,6,11,41,1,107.69,-34.83,0
69,YNINI,Household,GoodTaste,25.88,31.42,5.54,1.5,0.15408448294140423,169,219,154,15,30,50,High,14,11,41,91,2859.22,250.64,1
70,LFZXU,Household,GoodTaste,15.68,25.59,9.91,2.39,0.08559108060220688,287,552,262,21,105,16,Low,2,28,51,95,2431.05,255.52,0
71,UXVXJ,Dairy,MegaFood,38.3,67.81,29.51,0.68,0.2238180517091825,150,248,202,25,125,94,Low,11,8,91,58,3932.98,1609.58,1
72,GGOHQ,Household,SunMarket,78.95,140.31,61.36,1.68,0.26837114010348684,219,356,263,15,60,30,High,1,14,33,83,11645.73,4724.96,0
73,DSKDV,Frozen,FreshCo,62.72,76.32,13.6,0.61,0.07335542154647887,219,315,279,5,20,74,Low,7,29,69,97,7403.04,1185.61,1
74,IFQQG,Dairy,GoodTaste,31.3,44.12,12.82,1.43,0.09015480244831005,165,186,166,39,78,47,Medium,13,10,68,71,3132.52,674.27,1
75,QWCKB,Snacks,SunMarket,5.04,5.71,0.67,0.81,0.29424875611526913,322,414,140,5,30,28,Medium,9,23,91,95,542.45,-197.17,0
76,GHUKQ,Bakery,SunMarket,38.89,58.0,19.11,1.63,0.19036044578906017,321,565,19,47,94,62,Medium,3,5,61,59,3422.0,604.26,1
77,PJUTU,Canned,SunMarket,32.0,39.86,7.86,1.55,0.28691155617768016,268,461,247,27,81,47,Low,11,26,90,72,2869.92,150.52,1
78,FAIGV,Frozen,MegaFood,60.43,85.4,24.97,1.2,0.1262936425433068,237,492,177,10,30,98,High,13,26,95,62,5294.8,1263.74,1
79,RCYPD,Dairy,MegaFood,9.66,17.23,7.57,2.35,0.29195548097665464,285,569,160,21,126,94,Medium,10,20,71,53,913.19,-268.54,0
80,HTECK,Frozen,SunMarket,36.25,49.29,13.04,1.28,0.11632877106985882,66,261,289,32,64,61,High,3,14,56,86,4238.94,1036.96,1
81,UTHMS,Snacks,SunMarket,7.42,11.65,4.23,1.52,0.19958031145480115,269,386,179,47,282,3,Low,2,27,56,14,163.1,-349.66,0
82,OICNS,Bakery,GoodTaste,73.81,121.52,47.71,0.79,0.169124541965103,118,232,268,39,195,21,Low,11,5,75,79,9600.08,3675.87,0
83,QQAXF,Dairy,SunMarket,63.42,95.23,31.81,1.55,0.24124747628599316,158,279,268,7,42,97,Medium,7,24,47,39,3713.97,995.69,1
84,VWZTS,Household,GoodTaste,27.7,35.03,7.33,0.62,0.04514186816613997,177,187,19,49,196,68,Medium,9,7,84,5,175.15,-73.09,0
85,MZJYO,Snacks,GoodTaste,70.39,89.82,19.43,1.41,0.21487117882838722,314,377,69,1,6,82,Low,1,17,84,62,5568.84,761.92,1
86,OBYFG,Snacks,FreshCo,71.87,98.9,27.03,0.1,0.2339293806600024,17,265,293,1,3,24,Medium,13,28,51,1,98.9,25.33,0
87,TVRZL,Bakery,FreshCo,40.73,69.82,29.09,1.56,0.26875371416112975,113,250,110,48,240,10,Low,2,29,36,6,418.92,-1.74,0
88,JFGIM,Bakery,MegaFood,76.55,106.93,30.38,1.45,0.03302162283492387,349,564,98,5,10,28,Low,1,7,84,24,2566.32,223.07,0
89,LVZMF,Household,TopFarm,11.33,13.23,1.9,1.94,0.1862252827462549,200,318,264,2,4,16,Medium,1,24,76,20,264.6,-350.0,0
90,YOWAV,Frozen,FreshCo,13.94,21.0,7.06,1.04,0.053305508346920584,317,357,52,8,32,42,Medium,5,16,71,39,819.0,-54.34,0
91,ZPJOU,Frozen,GoodTaste,49.44,83.69,34.25,2.36,0.07318978319695302,215,414,44,34,136,93,Medium,5,7,42,39,3263.91,828.35,1
92,XBLLL,Bakery,TopFarm,8.29,11.32,3.03,2.14,0.027142665919955032,291,343,63,23,138,6,Low,2,12,67,38,430.16,-507.6,0
93,IZPYX,Household,MegaFood,78.97,115.81,36.84,2.19,0.09370886026575712,117,382,19,41,164,56,High,6,23,69,35,4053.35,1033.17,1
94,NNZXW,Canned,TopFarm,12.01,16.45,4.44,1.95,0.21534835307158517,119,325,123,29,58,92,Medium,1,28,72,42,690.9,-45.57,0
95,UQULR,Dairy,MegaFood,6.44,8.12,1.68,0.6,0.09802900507716131,259,338,280,5,30,55,Medium,5,20,58,88,714.56,-7.56,0
96,XXRIK,Snacks,TopFarm,8.22,9.2,0.98,1.82,0.19329934954620123,328,503,227,45,270,82,Low,8,17,46,21,193.2,-576.38,0
97,ECWDD,Canned,GoodTaste,77.86,118.75,40.89,0.77,0.06446268357222076,309,559,263,30,90,9,High,6,11,69,97,11518.75,3728.4,0
98,MTOSM,Drinks,SunMarket,10.61,11.68,1.07,1.83,0.18071381330422528,309,565,260,19,114,100,Low,14,21,64,77,899.36,-483.08,0
99,SCTFU,Snacks,MegaFood,29.73,41.38,11.65,1.63,0.23913888265862768,6,63,41,27,54,43,Low,12,18,100,10,413.8,106.72,1
100,QLXOC,Bakery,GoodTaste,47.7,63.98,16.28,0.61,0.22447725541084715,46,262,269,49,147,34,Low,8,12,50,75,4798.5,1192.94,0
101,EKPFB,Household,MegaFood,43.52,64.61,21.09,1.19,0.05675379602457868,124,234,141,42,252,50,Medium,12,20,67,86,5556.46,1666.18,1
102,JIMVI,Canned,FreshCo,23.0,28.54,5.54,1.59,0.06772571648923967,322,566,279,45,135,77,Medium,2,30,34,44,1255.76,-268.22,0
103,UREZC,Bakery,GoodTaste,12.23,14.18,1.95,0.58,0.25150279618236754,128,251,225,28,168,56,High,13,13,95,33,467.94,-9.89,0
104,GHWOB,Frozen,MegaFood,67.65,112.89,45.24,2.19,0.013086429227765062,294,309,237,29,87,1,High,1,7,80,24,2709.36,441.9,0
105,HYAMU,Drinks,MegaFood,41.53,70.06,28.53,1.38,0.03733497775937398,148,192,106,32,128,35,Medium,2,13,99,38,2662.28,879.9,0
106,PQMUO,Frozen,TopFarm,79.92,110.17,30.25,0.39,0.19401575282813652,87,107,87,26,104,92,Low,5,8,45,70,7711.9,2083.57,1
107,RJRNB,Drinks,FreshCo,11.96,13.86,1.9,1.8,0.21133341851691315,288,380,115,1,3,74,Low,3,21,70,28,388.08,-465.2,0
108,NMXVZ,Household,SunMarket,78.88,103.52,24.64,2.46,0.17433166945086384,352,553,70,9,27,70,High,8,13,95,1,103.52,-841.28,0
109,KCEWQ,Frozen,GoodTaste,78.51,125.08,46.57,2.06,0.029063810506996267,56,194,257,28,168,23,Medium,14,21,32,54,6754.32,2399.42,0
110,ULKFA,Canned,SunMarket,68.31,102.87,34.56,2.29,0.24575438281881515,96,132,51,37,148,28,Medium,12,11,47,23,2366.01,575.04,0
111,IRYYJ,Canned,SunMarket,37.61,53.04,15.43,2.49,0.17357012993285498,33,52,177,49,196,7,Low,14,18,80,27,1432.08,334.44,0
112,FEYKL,Frozen,TopFarm,36.61,53.75,17.14,2.48,0.013506759558722036,217,458,243,18,108,62,High,6,14,43,53,2848.75,370.26,1
113,UVCMY,Canned,GoodTaste,76.21,133.27,57.06,0.53,0.012724219314118523,245,284,100,11,66,13,High,6,5,69,47,6263.69,2551.97,0
114,ZXUPG,Dairy,GoodTaste,20.18,27.33,7.15,0.64,0.012382978016319046,309,536,50,39,195,72,Low,14,13,85,27,737.91,-4.71,0
115,QXQZR,Canned,GoodTaste,10.81,14.17,3.36,0.41,0.2684266710694488,285,505,110,17,68,32,Medium,11,8,91,35,495.95,0.75,0
116,RXVXX,Canned,FreshCo,58.79,68.97,10.18,2.24,0.2327574463806203,176,312,34,27,162,84,High,12,16,53,18,1241.46,-211.0,0
117,QNAVO,Canned,GoodTaste,50.87,83.67,32.8,1.11,0.18237575902838646,325,479,269,38,190,4,High,8,24,100,39,3263.13,918.45,0
118,OENWA,Canned,FreshCo,46.58,63.02,16.44,0.48,0.26972980029381194,303,367,70,33,132,23,Low,5,20,83,34,2142.68,413.52,0
119,JYRZG,Canned,FreshCo,25.62,31.12,5.5,1.15,0.14704439098104213,202,387,101,33,198,34,High,11,29,42,54,1680.48,64.7,0
120,MFWWH,Household,SunMarket,49.23,83.34,34.11,0.38,0.28196079021708975,208,505,211,35,175,52,High,8,14,34,1,83.34,-44.93,0
121,JRNXW,Snacks,GoodTaste,78.08,126.76,48.68,0.98,0.038175082692837835,176,423,59,8,40,79,High,9,8,30,99,12549.24,4646.84,1
122,EPTDW,Frozen,FreshCo,12.04,18.43,6.39,2.24,0.1822836002122729,41,164,295,27,108,87,Low,13,6,85,97,1787.71,527.99,1
123,SNEIF,Dairy,SunMarket,10.42,13.44,3.02,1.24,0.02623607420364531,310,409,2,35,70,16,Medium,4,11,54,92,1236.48,-106.56,0
124,VQZQN,Snacks,GoodTaste,51.66,75.65,23.99,1.65,0.033728867763884215,352,583,274,32,160,22,High,14,16,78,39,2950.35,354.81,0
125,VNIMS,Snacks,MegaFood,34.21,41.92,7.71,1.93,0.2548487631654646,326,350,28,29,116,24,Medium,3,7,69,85,3563.2,26.17,0
126,OFHFU,Household,TopFarm,44.97,72.08,27.11,0.98,0.06858062659898957,121,165,143,40,240,30,Low,12,30,30,27,1946.16,613.39,0
127,UOHOW,Canned,SunMarket,17.71,26.89,9.18,1.22,0.09495870080750052,15,98,152,8,16,12,Low,10,9,51,8,215.12,55.14,0
128,HIQRX,Drinks,GoodTaste,22.52,31.84,9.32,2.19,0.29852031574217924,168,345,156,17,51,27,Medium,5,11,72,23,732.32,-153.56,0
129,TGAPD,Household,SunMarket,62.75,105.43,42.68,1.24,0.2584494500752512,76,258,220,27,108,84,High,6,8,41,86,9066.98,3576.24,1
130,KYTAL,Bakery,SunMarket,36.45,65.16,28.71,1.49,0.07101506350174464,81,127,46,28,112,70,Medium,8,16,77,56,3648.96,1487.07,1
131,FRFMM,Dairy,GoodTaste,43.17,67.63,24.46,0.4,0.18649337115218942,102,296,174,32,96,62,Low,2,10,83,21,1420.23,472.86,1
132,TTDSF,Snacks,GoodTaste,19.48,25.53,6.05,1.07,0.2586952360991518,167,181,219,0,0,6,Low,12,29,55,0,0.0,-178.69,0
133,QTUCR,Dairy,MegaFood,79.07,136.92,57.85,0.71,0.009649216269982252,112,259,236,38,190,96,Medium,9,16,80,43,5887.56,2408.03,1
134,ODWIP,Snacks,TopFarm,39.79,69.38,29.59,1.6,0.2348863084300759,26,151,237,15,90,44,High,5,24,35,51,3538.38,1467.49,1
135,ELXYZ,Bakery,SunMarket,54.03,67.18,13.15,0.27,0.16761022084454846,35,302,54,30,90,99,Medium,3,14,83,78,5240.04,1016.25,1
136,USJLE,Bakery,FreshCo,51.26,79.37,28.11,2.41,0.048063508239458874,34,179,294,33,99,59,Medium,7,19,52,37,2936.69,958.13,1
137,SQEWA,Frozen,FreshCo,40.49,58.91,18.42,0.35,0.14272648536343016,144,444,218,47,235,67,Low,6,22,36,36,2120.76,612.72,1
138,AFCKV,Household,GoodTaste,63.15,85.49,22.34,2.36,0.0020797165103668023,63,94,159,34,170,48,Medium,11,15,37,62,5300.38,1236.4,1
139,SMDVB,Bakery,GoodTaste,51.43,66.88,15.45,1.15,0.15661735817638409,32,305,240,4,8,33,Low,3,24,58,8,535.04,86.8,0
140,SMOHF,Bakery,GoodTaste,68.4,94.73,26.33,2.36,0.15334112962758448,191,236,137,48,144,90,Low,6,26,52,52,4925.96,918.4,1
141,AZFXL,Bakery,MegaFood,12.49,19.45,6.96,0.17,0.03666267820443298,98,331,270,42,252,74,Low,1,23,58,78,1517.1,526.22,1
142,HPUMD,Drinks,MegaFood,57.9,75.16,17.26,1.72,0.10220673804107692,57,165,206,20,100,76,Low,9,30,70,98,7365.68,1593.44,1
143,TFJMY,Snacks,MegaFood,70.95,85.34,14.39,2.44,0.09027711826442275,69,146,130,48,240,98,High,11,30,98,78,6656.52,954.06,1
144,QXYXF,Bakery,GoodTaste,27.6,40.67,13.07,0.34,0.08352758323555916,143,419,213,12,48,53,Low,13,18,78,93,3782.31,1166.89,1
145,FIRJH,Canned,GoodTaste,73.09,123.88,50.79,2.12,0.21683952211090973,230,387,34,6,30,17,Low,2,28,81,47,5822.36,1899.53,0
146,LBXPR,Household,SunMarket,27.83,42.65,14.82,1.06,0.08179148798795101,170,252,102,14,70,87,High,6,17,38,29,1236.85,249.58,1
147,EQFCA,Frozen,GoodTaste,50.45,78.76,28.31,0.96,0.2569055336046534,8,288,132,38,190,87,High,10,6,49,50,3938.0,1407.82,1
148,VDEMJ,Bakery,GoodTaste,60.83,100.03,39.2,1.17,0.02533209288020565,289,449,297,43,172,73,Low,10,9,59,49,4901.47,1582.67,1
149,EHVFB,Drinks,SunMarket,38.4,64.01,25.61,0.3,0.11164828538743793,293,334,156,34,204,21,High,13,13,46,72,4608.72,1756.02,0
150,QEQYR,Canned,SunMarket,44.85,52.52,7.67,0.57,0.11885341131430582,189,270,114,26,156,34,High,11,22,43,79,4149.08,498.2,0
151,VJKTI,Bakery,GoodTaste,36.0,58.47,22.47,1.89,0.04888655585441735,267,392,247,1,2,77,High,11,13,61,17,993.99,-122.64,0
152,KIPAW,Frozen,TopFarm,40.55,71.05,30.5,1.83,0.12278404678100868,109,225,13,35,105,98,Low,14,30,36,43,3055.15,1112.03,1
153,IELFP,Dairy,TopFarm,13.6,16.37,2.77,1.84,0.18977336568865452,282,328,227,26,130,14,Low,12,29,97,47,769.39,-388.69,0
154,RDOSA,Bakery,MegaFood,31.24,45.59,14.35,0.47,0.1029352644476751,336,540,85,36,216,35,Medium,13,20,77,44,2005.96,473.48,0
155,DNXAO,Dairy,FreshCo,49.31,86.64,37.33,1.53,0.06927217995459484,177,352,247,6,12,59,High,9,22,58,36,3119.04,1073.07,1
156,HRTEZ,Snacks,GoodTaste,38.17,49.54,11.37,0.94,0.1349063931808555,9,42,242,16,64,62,High,11,22,37,19,941.26,207.57,1
157,UBQQU,Snacks,GoodTaste,22.89,39.56,16.67,0.5,0.0725870525077372,181,258,55,3,9,45,Low,6,13,82,54,2136.24,809.68,1
158,EEPLN,Bakery,SunMarket,77.55,130.85,53.3,2.22,0.28289853803922466,64,177,204,8,40,90,High,14,27,46,62,8112.7,3162.52,1
159,HNDSN,Frozen,FreshCo,65.19,113.57,48.38,1.79,0.10834258180405333,340,359,179,32,160,81,Low,7,16,65,90,10221.3,3745.6,1
160,DHDWT,Canned,SunMarket,58.48,79.64,21.16,1.64,0.020264959803613612,161,330,136,41,123,97,High,14,27,98,23,1831.72,222.64,1
161,HKSKE,Household,GoodTaste,43.9,52.18,8.28,0.56,0.08764535086632337,121,215,166,41,205,38,High,11,19,39,62,3235.16,445.6,0
162,YYMCN,Household,GoodTaste,41.11,52.33,11.22,1.86,0.11824545448615743,200,400,45,12,36,54,High,7,19,58,85,4448.05,581.7,1
163,JEASZ,Bakery,MegaFood,73.78,99.62,25.84,1.61,0.018860431735614545,197,350,289,36,108,30,Low,4,6,77,8,796.96,-110.45,0
164,PFLKM,Canned,TopFarm,61.17,107.88,46.71,1.91,0.2666513567861369,286,311,200,50,200,49,Low,11,22,90,56,6041.28,2069.5,1
165,AVJVG,Drinks,TopFarm,10.17,16.64,6.47,2.16,0.001406879015468232,63,305,92,28,56,50,Medium,3,29,73,58,965.12,239.18,1
166,LNCDL,Snacks,TopFarm,5.19,6.17,0.98,0.93,0.233415788149179,230,316,203,6,36,18,High,7,25,85,49,302.33,-165.88,0
167,YVFBP,Frozen,SunMarket,60.76,93.25,32.49,0.2,0.029587074580759085,198,406,159,0,0,66,Low,10,6,43,0,0.0,-39.6,0
168,KMKSW,Drinks,SunMarket,7.29,12.81,5.52,2.01,0.09656722428315338,39,81,181,39,156,8,Medium,2,18,34,60,768.6,252.81,0
169,ZQKPN,Household,GoodTaste,21.63,32.93,11.3,0.13,0.06518484784562005,309,404,212,2,8,5,Medium,9,7,95,82,2700.26,886.43,0
170,TMWJZ,Canned,FreshCo,19.77,32.88,13.11,0.27,0.21816375894834344,207,471,178,7,21,44,Medium,13,10,35,96,3156.48,1202.67,1
171,CYIDM,Canned,TopFarm,21.2,28.04,6.84,0.61,0.1106643369563715,267,325,28,4,16,18,High,3,20,100,41,1149.64,117.57,0
172,UNTEK,Canned,TopFarm,24.06,34.6,10.54,1.3,0.03744273611110209,171,319,185,41,164,52,Low,12,12,40,83,2871.8,652.52,1
173,AGDCG,Bakery,GoodTaste,74.13,127.1,52.97,2.29,0.24224837627097015,290,588,287,12,48,6,Low,2,16,62,96,12201.6,4421.02,0
174,URKGJ,Canned,FreshCo,58.18,65.47,7.29,1.1,0.09726862346883439,86,113,14,28,56,19,Medium,3,20,87,77,5041.19,466.73,0
175,UEBFV,Dairy,FreshCo,68.47,89.31,20.84,1.02,0.16773401827253756,36,237,142,12,36,55,Medium,4,19,91,26,2322.06,505.12,1
176,IUNFW,Drinks,MegaFood,39.49,61.11,21.62,0.88,0.14408201614420107,227,488,297,50,300,70,Low,7,7,74,72,4399.92,1356.88,1
177,GIGNI,Bakery,FreshCo,18.13,20.91,2.78,1.95,0.1481208358293888,221,474,81,5,10,92,Medium,8,30,52,30,627.3,-347.55,0
178,VLGAT,Dairy,MegaFood,11.2,15.57,4.37,0.86,0.2650625442942778,256,414,246,8,16,54,Medium,7,19,32,68,1058.76,77.0,1
179,VGQPB,Drinks,TopFarm,79.13,114.97,35.84,1.89,0.03384680716151017,73,277,252,11,22,53,Medium,10,27,75,2,229.94,-66.29,0
180,OXRRV,Drinks,FreshCo,56.21,67.82,11.61,1.86,0.10612396229141217,284,311,173,4,8,1,Medium,14,26,63,20,1356.4,-296.04,0
181,GSKJF,Snacks,SunMarket,22.38,26.21,3.83,2.2,0.07878679948055269,305,565,276,18,108,87,Low,11,10,64,85,2227.85,-345.45,0
182,SGMFT,Dairy,MegaFood,7.87,8.9,1.03,1.25,0.14959127140795186,279,484,20,46,92,5,Medium,9,8,76,30,267.0,-317.85,0
183,HQCBF,Snacks,TopFarm,21.85,32.03,10.18,0.82,0.14219366190497643,18,245,187,46,230,93,High,5,5,94,65,2081.95,646.94,1
184,QOQGK,Bakery,MegaFood,65.5,95.96,30.46,1.65,0.11388272868699617,181,460,12,30,180,34,Low,4,12,100,14,1343.44,127.79,0
185,PJQMV,Drinks,FreshCo,51.12,64.17,13.05,0.99,0.25468050908827977,6,96,99,18,108,82,Medium,5,22,91,21,1347.57,268.11,1
186,MUUPV,Frozen,TopFarm,38.96,52.71,13.75,2.05,0.07388764815712037,128,359,220,20,120,26,Medium,5,9,69,61,3215.31,576.35,0
187,SWBMB,Drinks,GoodTaste,46.19,64.07,17.88,0.84,0.05078173857018548,128,251,197,1,2,14,Low,8,27,98,8,512.56,35.52,0
188,BTXOP,Bakery,SunMarket,37.53,50.95,13.42,1.33,0.0880025000593472,147,169,144,4,8,35,Low,1,30,88,39,1987.05,327.87,0
189,VYDLV,Canned,MegaFood,48.88,77.22,28.34,1.07,0.06986461645285681,166,409,16,48,144,34,Low,11,21,98,24,1853.28,502.54,0
190,ABKVJ,Dairy,TopFarm,45.55,80.54,34.99,0.12,0.1987646386984996,333,519,113,43,258,96,Low,1,5,39,90,7248.6,3109.14,1
191,JUJHN,Frozen,TopFarm,51.34,89.97,38.63,2.42,0.011498802596165713,4,260,294,47,188,67,Low,13,11,54,25,2249.25,956.07,1
192,DWFDR,Canned,GoodTaste,14.75,16.41,1.66,0.22,0.1327907039839764,309,504,270,4,20,48,High,12,17,60,35,574.35,-9.88,0
193,XSXZE,Bakery,TopFarm,8.07,10.91,2.84,1.84,0.1905082291943685,123,235,13,18,54,94,High,6,14,30,85,927.35,15.08,1
194,NEWFQ,Bakery,TopFarm,50.33,58.54,8.21,1.25,0.03538236300320291,24,47,111,14,84,97,Medium,12,5,39,67,3922.18,520.07,1
195,QMSYX,Dairy,FreshCo,59.17,91.1,31.93,0.31,0.14326215420409807,40,201,133,50,250,8,Low,14,21,57,81,7379.1,2573.93,0
196,MXJHY,Snacks,MegaFood,46.95,64.14,17.19,1.97,0.2874230861091826,285,548,181,27,135,12,High,8,11,83,77,4938.78,762.18,0
197,JMAKF,Drinks,TopFarm,58.39,104.42,46.03,1.1,0.04479147307590948,80,156,277,22,66,82,Medium,14,27,39,73,7622.66,3272.19,1
198,FJZVM,Frozen,GoodTaste,22.88,38.03,15.15,0.91,0.12258314066951065,39,336,133,35,210,81,High,1,16,40,89,3384.67,1312.86,1
199,SXDJO,Bakery,GoodTaste,44.65,49.96,5.31,2.49,0.23660116995091252,210,312,89,16,48,21,High,10,13,74,36,1798.56,-331.74,0
200,XWNMA,Frozen,SunMarket,49.55,66.47,16.92,1.48,0.09699001135086618,162,210,3,47,141,58,Medium,14,6,99,92,6115.24,1316.88,1
201,XFZBK,Frozen,FreshCo,36.44,46.35,9.91,0.11,0.09219257605799969,271,563,229,9,54,12,High,2,19,89,46,2132.1,426.05,0
202,TPVQT,Drinks,SunMarket,25.78,38.29,12.51,2.4,0.18856986533649958,339,613,290,34,68,38,Medium,5,28,76,99,3790.71,424.89,0
203,UCVTQ,Drinks,TopFarm,36.55,43.76,7.21,0.39,0.0995893704377301,79,243,67,31,124,30,High,3,15,32,27,1181.52,163.86,0
204,UFZZW,Bakery,GoodTaste,47.16,62.62,15.46,1.72,0.1636667051526443,258,282,189,12,48,38,High,5,21,53,6,375.72,-351.0,0
205,BKLOO,Dairy,GoodTaste,65.78,88.08,22.3,1.08,0.05705126451438614,37,166,138,35,210,84,Medium,9,5,44,13,1145.04,249.94,1
206,EJAHU,Drinks,GoodTaste,31.51,51.06,19.55,2.17,0.09347604876735142,320,484,25,47,235,85,High,12,10,86,53,2706.18,341.75,1
207,AEJDJ,Frozen,TopFarm,48.41,60.43,12.02,0.7,0.2965631486866088,239,452,167,16,80,55,Low,10,29,86,65,3927.95,614.0,1
208,VSFJY,Drinks,GoodTaste,21.55,29.74,8.19,0.66,0.009550251788548592,185,234,201,35,70,65,High,3,28,74,56,1665.44,336.54,1
209,VHSJR,Frozen,FreshCo,15.38,23.4,8.02,1.52,0.2461597004067849,173,239,245,15,75,22,Low,10,20,72,64,1497.6,250.32,0
210,UNCMM,Canned,FreshCo,49.32,54.53,5.21,0.46,0.1764964659734725,147,342,67,4,20,11,Medium,5,6,99,34,1854.02,109.52,0
211,HZJXD,Canned,SunMarket,20.3,29.46,9.16,1.78,0.024133292454116717,144,264,91,2,10,78,Low,5,24,97,48,1414.08,183.36,1
212,MZQWV,Canned,GoodTaste,41.78,47.92,6.14,0.63,0.04290171862630241,92,243,127,30,180,44,High,8,14,53,4,191.68,-33.4,0
213,GLGET,Drinks,GoodTaste,47.78,65.1,17.32,0.91,0.2831155584374608,18,233,128,9,18,55,Medium,8,19,38,10,651.0,156.82,1
214,ZBEES,Drinks,MegaFood,68.27,95.09,26.82,1.63,0.25375485750639304,40,298,17,19,114,36,Medium,2,25,44,24,2282.16,578.48,0
215,BUTEH,Canned,MegaFood,51.88,58.87,6.99,1.01,0.02826661474867389,226,522,102,22,88,71,Low,14,25,50,36,2119.32,23.38,1
216,EORHD,Bakery,TopFarm,61.0,72.3,11.3,1.61,0.17165184841944797,134,349,160,27,54,1,High,5,30,78,36,2602.8,191.06,0
217,WMJHD,Canned,TopFarm,14.94,23.58,8.64,0.61,0.11307187758469739,2,240,193,48,192,55,High,3,16,85,12,282.96,102.46,1
218,PRTVU,Household,TopFarm,79.64,92.41,12.77,1.52,0.08478714023208035,191,380,46,11,66,23,Medium,10,30,52,58,5359.78,450.34,0
219,REZLK,Canned,MegaFood,44.56,60.24,15.68,0.49,0.17322146615849515,227,290,11,25,150,2,Low,1,13,68,17,1024.08,155.33,0
220,LPVIX,Dairy,TopFarm,44.06,62.22,18.16,2.4,0.05638981900062989,59,69,98,46,92,53,High,10,6,60,86,5350.92,1420.16,1
221,VSSEA,Snacks,GoodTaste,36.45,56.37,19.92,0.23,0.07529894271773463,234,421,236,21,105,88,High,13,18,88,18,1014.66,304.74,1
222,FGBHO,Canned,MegaFood,78.12,110.64,32.52,1.04,0.052931874865651096,43,136,74,26,78,57,Low,7,23,73,28,3097.92,865.84,1
223,KCZDI,Bakery,SunMarket,32.92,39.35,6.43,0.97,0.0962597017757051,115,260,55,30,120,52,Medium,12,23,98,69,2715.15,332.12,1
224,EUPUN,Canned,MegaFood,6.96,8.37,1.41,1.75,0.268588192211548,15,252,3,37,222,27,High,12,23,41,54,451.98,49.89,0
225,ROCDH,Drinks,MegaFood,72.99,107.31,34.32,0.37,0.14305499601330254,99,211,193,23,46,83,Medium,6,28,44,65,6975.15,2194.17,1
226,HLEEY,Snacks,GoodTaste,29.17,34.76,5.59,0.9,0.039588461844848585,137,421,186,38,114,41,Medium,3,24,95,68,2363.68,256.82,1
227,UXGXK,Snacks,MegaFood,26.23,43.27,17.04,0.68,0.029545839564054554,356,413,178,41,246,0,Low,1,28,85,49,2120.23,592.88,0
228,KUEII,Canned,GoodTaste,14.52,20.02,5.5,2.46,0.013310146641511233,154,441,148,21,105,96,Medium,11,16,88,83,1661.66,77.66,1
229,DBXHC,Canned,GoodTaste,75.32,89.15,13.83,2.08,0.2060576970628223,76,357,79,7,42,20,High,14,19,98,93,8290.95,1128.11,0
230,AZUZZ,Household,FreshCo,58.72,102.8,44.08,2.35,0.24584740749445957,177,188,159,22,88,67,Low,14,24,34,17,1747.6,333.41,1
231,IMUSE,Canned,TopFarm,59.99,106.7,46.71,1.87,0.14006708705157273,361,410,60,4,12,57,Medium,7,14,51,74,7895.8,2781.47,1
232,ZZZRN,Drinks,SunMarket,36.42,58.57,22.15,0.58,0.2341235707338138,345,406,61,11,66,48,High,6,11,97,15,878.55,132.15,1
233,JZOZH,Canned,GoodTaste,66.13,87.43,21.3,0.1,0.07057106432118611,38,71,249,37,74,51,Medium,11,15,100,48,4196.64,1018.6,1
234,RRVBZ,Bakery,TopFarm,35.48,45.78,10.3,0.19,0.23133950749492196,61,337,243,21,126,37,Low,4,11,80,89,4074.42,905.11,0
235,ACHYS,Bakery,GoodTaste,71.47,88.34,16.87,0.72,0.15138027213093985,260,541,186,24,72,69,High,1,17,69,71,6272.14,1010.57,1
236,HZDEI,Frozen,TopFarm,43.29,51.99,8.7,2.05,0.17810815960686827,269,537,176,29,174,51,Medium,2,23,55,73,3795.27,83.65,1
237,JCFEV,Bakery,TopFarm,77.79,88.42,10.63,2.0,0.2824839356713407,332,463,142,21,42,26,Medium,10,29,53,81,7162.02,197.03,0
238,OPOLF,Dairy,TopFarm,32.38,58.13,25.75,1.63,0.2666670892612214,179,431,235,17,102,30,Low,7,24,34,10,581.3,-34.27,0
239,TJLRR,Drinks,MegaFood,74.73,96.1,21.37,1.94,0.24909327468484338,208,439,103,1,3,92,Low,8,25,50,20,1922.0,23.88,1
240,FBPMO,Canned,FreshCo,54.06,91.78,37.72,0.29,0.12068055292216767,182,428,63,18,36,87,Low,11,12,79,34,3120.52,1229.7,1
241,UXGDL,Drinks,SunMarket,34.37,44.35,9.98,1.31,0.19384465997429037,176,456,67,4,24,28,High,12,17,56,92,4080.2,687.6,0
242,WYWJX,Dairy,TopFarm,74.04,117.1,43.06,0.97,0.07318466063688991,41,290,84,36,108,100,Low,7,14,98,74,8665.4,3146.67,1
243,WDQFC,Frozen,MegaFood,41.0,49.65,8.65,1.23,0.1982445290233475,240,278,281,48,96,44,Medium,2,29,83,4,198.6,-260.6,0
244,AXOLQ,Dairy,GoodTaste,74.97,100.25,25.28,0.44,0.08094710291631249,339,491,227,7,28,42,Low,4,26,56,12,1203.0,154.2,1
245,BFOLW,Frozen,SunMarket,79.1,128.42,49.32,1.58,0.041686421899975734,173,289,139,24,72,59,High,6,22,89,6,770.52,22.58,1
246,BGCDF,Bakery,GoodTaste,17.37,27.8,10.43,2.1,0.2759670970096527,153,374,41,41,82,51,Medium,12,24,83,97,2696.6,690.41,1
247,MPWCC,Household,MegaFood,43.08,72.95,29.87,1.54,0.031906106716112534,242,449,185,25,150,50,Low,1,24,88,11,802.45,-44.11,0
248,AAYGJ,Household,FreshCo,74.63,113.75,39.12,1.41,0.08845775222139883,294,306,33,32,192,25,High,8,21,36,23,2616.25,485.22,0
249,CYCVR,Drinks,MegaFood,16.28,27.44,11.16,2.43,0.11426794787387784,134,203,235,25,150,5,Medium,4,23,47,59,1618.96,332.82,0
250,ZJJGL,Frozen,GoodTaste,8.54,14.89,6.35,1.01,0.07805107803464774,257,542,169,23,69,6,Medium,5,22,67,2,29.78,-246.87,0
251,TOXWL,Drinks,FreshCo,57.61,81.16,23.55,1.84,0.1721735998613069,274,516,174,43,129,100,High,3,21,79,31,2515.96,225.89,1
252,PALMO,Drinks,MegaFood,73.1,96.91,23.81,1.74,0.22111839792267188,14,271,33,37,222,14,Low,9,28,96,1,96.91,-0.55,0
253,ULAIL,Canned,TopFarm,7.07,8.59,1.52,0.17,0.05005572602849384,300,430,154,28,84,51,Low,3,16,97,28,240.52,-8.44,0
254,HLXJA,Drinks,FreshCo,38.55,61.08,22.53,1.76,0.1258645690061184,2,256,62,32,160,11,High,11,13,63,10,610.8,221.78,0
255,HREMA,Bakery,MegaFood,74.32,86.94,12.62,2.24,0.22256705576172076,138,194,178,39,234,54,Medium,13,19,61,50,4347.0,321.88,1
256,FDAQP,Household,GoodTaste,31.11,46.13,15.02,2.01,0.2651105427217666,91,239,173,3,6,18,Medium,4,21,94,18,830.34,87.45,0
257,RMJUR,Bakery,TopFarm,17.4,27.39,9.99,0.85,0.18927316146948453,141,269,122,39,117,21,Medium,4,10,65,7,191.73,-49.92,0
258,RPZZE,Household,SunMarket,17.71,26.04,8.33,0.95,0.09127583453822113,250,322,211,18,54,34,Low,7,7,54,88,2291.52,495.54,0
259,DAAED,Canned,TopFarm,54.52,61.34,6.82,1.47,0.2866628316814679,139,218,104,37,74,24,High,8,28,82,25,1533.5,-33.83,0
260,GPIUU,Frozen,GoodTaste,42.16,63.96,21.8,1.4,0.2946780552952689,242,512,132,1,5,52,Low,8,13,40,40,2558.4,533.2,1
261,WPDHF,Household,MegaFood,48.05,67.81,19.76,0.81,0.20324251780224042,309,440,181,9,45,85,Medium,2,15,41,73,4950.13,1192.19,1
262,RICOA,Dairy,FreshCo,72.92,91.83,18.91,0.21,0.2684160477659354,128,422,70,12,72,13,High,9,7,47,34,3122.22,616.06,0
263,BCOYQ,Canned,MegaFood,78.96,109.27,30.31,1.6,0.04126539929610433,300,344,157,12,72,84,High,11,21,31,68,7430.36,1581.08,1
264,KLHXE,Drinks,FreshCo,30.67,49.16,18.49,1.44,0.20876727302893605,247,257,31,30,90,69,Low,7,12,39,10,491.6,-170.78,0
265,DIJSQ,Household,GoodTaste,14.11,22.99,8.88,1.71,0.2024229536427689,351,507,164,42,168,54,Low,10,18,99,42,965.58,-227.25,0
266,BFRXV,Bakery,MegaFood,17.78,26.85,9.07,0.39,0.2638134059605813,63,161,264,46,184,47,High,6,18,46,63,1691.55,546.84,1
267,LFWVQ,Snacks,MegaFood,24.09,30.42,6.33,2.23,0.24210809814717132,60,357,47,31,93,7,High,5,8,72,98,2981.16,486.54,0
268,MZKAA,Snacks,GoodTaste,73.49,114.22,40.73,1.45,0.29507361017709044,147,225,246,0,0,21,High,13,7,78,0,0.0,-213.15,0
269,MCYYD,Snacks,MegaFood,45.37,63.42,18.05,1.58,0.048930082265689935,280,397,296,13,52,16,Low,8,18,40,78,4946.76,965.5,0
270,RUNPL,Drinks,SunMarket,21.64,29.48,7.84,1.05,0.1738501808785208,277,466,110,33,198,29,Low,3,7,41,92,2712.16,430.43,0
271,DLGEP,Drinks,TopFarm,24.69,40.91,16.22,0.96,0.25966318591747817,44,291,30,10,20,14,High,10,5,77,29,1186.39,428.14,0
272,WMDKA,Dairy,GoodTaste,52.9,65.91,13.01,0.65,0.06371002533802551,287,557,50,29,58,36,Medium,8,17,76,13,856.83,-17.42,0
273,URGPQ,Snacks,GoodTaste,52.28,83.67,31.39,1.41,0.003940478279011461,282,440,296,35,70,20,Low,4,6,49,79,6609.93,2082.19,0
274,OQWQV,Canned,GoodTaste,46.57,72.67,26.1,0.34,0.1201501911298204,18,132,213,20,60,6,Low,12,13,35,36,2616.12,933.48,0
275,ROWNJ,Household,SunMarket,50.43,87.21,36.78,0.57,0.2349816231459145,335,455,139,33,99,60,Medium,7,11,98,57,4970.97,1905.51,1
276,WYRPH,Canned,GoodTaste,42.83,64.95,22.12,1.46,0.1694301533515876,129,170,77,24,120,78,High,4,28,84,42,2727.9,740.7,1
277,JDRLA,Dairy,FreshCo,56.87,95.02,38.15,2.31,0.29470055937386574,233,295,23,39,117,83,Medium,2,12,66,32,3040.64,682.57,1
278,VCJIH,Frozen,FreshCo,27.76,37.59,9.83,0.14,0.18137679123782044,96,368,13,34,204,31,High,3,12,37,70,2631.3,674.66,0
279,TUEHX,Frozen,FreshCo,13.74,19.16,5.42,0.36,0.00665295760495811,40,57,228,3,15,91,Medium,11,17,54,11,210.76,45.22,1
280,TRGQE,Drinks,TopFarm,16.77,28.78,12.01,1.9,0.29681590191711,104,403,62,28,84,48,Medium,1,11,90,78,2244.84,739.18,1
281,GYUPT,Household,FreshCo,34.58,46.45,11.87,0.45,0.11632953691128534,281,350,262,29,58,26,Medium,13,26,82,96,4459.2,1013.07,0
282,FNPVT,Household,GoodTaste,37.15,41.63,4.48,2.12,0.07681548197186598,250,379,47,24,72,51,Low,3,27,73,24,999.12,-422.48,0
283,WXXWP,Dairy,FreshCo,47.47,66.38,18.91,0.84,0.07751928362101591,91,287,148,4,20,0,Low,7,26,80,60,3982.8,1058.16,0
284,OUKCN,Household,TopFarm,53.08,80.2,27.12,1.76,0.20665931174538688,7,87,217,25,50,82,Medium,5,11,96,11,882.2,286.0,1
285,FVQIK,Snacks,FreshCo,27.44,41.06,13.62,2.43,0.0175992947006913,329,424,89,4,24,70,High,14,21,32,60,2463.6,17.73,1
286,YRDZY,Household,FreshCo,68.3,94.92,26.62,1.42,0.23251617487643353,29,209,111,23,69,63,High,2,27,49,66,6264.72,1715.74,1
287,EYBRF,Frozen,SunMarket,79.7,122.59,42.89,0.9,0.13719773104272545,198,231,151,20,120,87,Low,1,10,37,82,10052.38,3338.78,1
288,CZJES,Frozen,GoodTaste,21.6,25.67,4.07,0.7,0.13439073944481025,101,155,254,22,132,8,Low,13,25,58,72,1848.24,222.34,0
289,QGBZM,Canned,SunMarket,73.06,111.12,38.06,1.23,0.24219763838145683,85,135,238,44,220,94,High,6,5,40,12,1333.44,352.17,1
290,CXQPA,Snacks,FreshCo,57.31,82.79,25.48,0.39,0.018302842647170435,24,147,144,33,66,34,High,7,25,77,22,1821.38,551.2,0
291,ZVXTH,Frozen,TopFarm,63.2,82.99,19.79,0.16,0.12182737021536318,128,159,57,18,72,95,Medium,5,26,86,10,829.9,177.42,1
292,WBTVB,Drinks,MegaFood,19.66,27.69,8.03,2.45,0.16125436988101532,274,298,99,43,129,15,High,10,5,34,91,2519.79,59.43,0
293,FCSHT,Household,GoodTaste,75.78,116.32,40.54,1.37,0.0736121768218937,358,588,201,0,0,43,Medium,13,14,90,0,0.0,-490.46,0
294,FTHTY,Drinks,TopFarm,38.55,65.01,26.46,1.67,0.18572068710758083,137,308,299,43,129,51,Low,11,10,80,58,3770.58,1305.89,1
295,GPLQQ,Canned,TopFarm,72.02,101.08,29.06,1.11,0.1801277259495803,277,548,120,47,188,93,Medium,13,13,47,49,4952.92,1116.47,1
296,IDCUH,Bakery,TopFarm,41.71,64.25,22.54,1.84,0.10912368979906406,203,347,125,49,294,2,Low,13,13,36,23,1477.75,144.9,0
297,KGHMA,Snacks,MegaFood,75.17,87.83,12.66,1.01,0.021019535875731597,258,367,60,33,132,30,Low,11,8,51,98,8607.34,980.1,0
298,LAKYG,Household,TopFarm,53.62,79.47,25.85,0.27,0.10045931186045334,44,196,139,32,96,22,Low,1,29,72,38,3019.86,970.42,0
299,ZABEO,Dairy,MegaFood,10.89,13.07,2.18,0.11,0.22383644847327344,317,476,135,35,210,9,Medium,3,11,88,35,457.45,41.43,0
300,MTXTR,Drinks,FreshCo,74.7,121.64,46.94,1.21,0.10837180713295616,92,151,218,48,144,88,High,6,9,81,59,7176.76,2658.14,1
301,OFIWP,Dairy,MegaFood,35.54,54.02,18.48,0.16,0.2477482699226868,163,187,197,35,175,11,Medium,7,22,64,89,4807.78,1618.64,0
302,ODLQN,Household,FreshCo,6.77,7.85,1.08,2.29,0.1327757741387223,188,288,69,42,126,78,Low,7,24,90,16,125.6,-413.24,0
303,WVGVI,Canned,FreshCo,72.17,116.26,44.09,1.64,0.0027417948632787346,250,549,102,41,82,21,High,6,18,85,77,8952.02,2984.93,0
304,DPBBS,Drinks,TopFarm,48.47,59.82,11.35,0.74,0.21641683811915854,120,410,64,23,115,55,Low,4,13,49,38,2273.16,342.5,1
305,LITXL,Household,TopFarm,72.54,92.31,19.77,0.58,0.2988582283884495,177,282,147,35,175,53,Medium,9,18,47,53,4892.43,945.15,1
306,FKHGK,Drinks,MegaFood,77.29,120.82,43.53,1.64,0.20193098437578447,85,333,64,6,30,24,Low,1,29,54,42,5074.44,1688.86,0
307,LGURQ,Snacks,GoodTaste,62.29,92.47,30.18,2.39,0.03409513107643681,201,471,69,32,128,68,Low,3,8,55,20,1849.4,123.21,1
308,XWSXS,Bakery,SunMarket,69.6,103.31,33.71,0.63,0.056889069017333635,245,322,70,20,100,97,Low,11,11,50,42,4339.02,1261.47,1
309,SOWSI,Frozen,GoodTaste,67.61,115.88,48.27,0.26,0.12043577981573331,273,476,78,13,52,19,High,10,5,95,91,10545.08,4321.59,0
310,KLBUX,Drinks,GoodTaste,52.77,88.11,35.34,0.87,0.005562566057731721,251,537,36,40,120,95,Medium,1,10,60,56,4934.16,1760.67,1
311,EBLVE,Bakery,GoodTaste,14.2,15.64,1.44,1.74,0.12832709956307628,84,263,241,10,30,35,High,11,20,30,84,1313.76,-25.2,0
312,DLEZQ,Snacks,MegaFood,64.43,82.01,17.58,0.6,0.01283474425582688,253,304,29,34,170,57,Medium,3,29,53,43,3526.43,604.14,1
313,YEWCV,Canned,GoodTaste,62.26,87.64,25.38,0.84,0.28697266631329943,66,232,203,14,70,90,Low,1,19,75,37,3242.68,883.62,1
314,XKAJK,Bakery,MegaFood,28.82,50.94,22.12,1.88,0.22936532694529618,351,609,222,10,50,47,High,5,6,54,32,1630.08,47.96,1
315,ZYJAD,Dairy,TopFarm,61.49,71.81,10.32,2.23,0.28778504036578706,174,417,203,15,60,37,Low,9,28,76,97,6965.57,613.02,0
316,HSNFQ,Dairy,FreshCo,43.67,68.36,24.69,0.64,0.2918811569587796,159,174,198,42,210,13,High,8,30,72,1,68.36,-77.07,0
317,UKJJI,Snacks,FreshCo,33.39,53.13,19.74,1.41,0.14477573982932473,245,451,136,31,93,89,Low,12,8,80,27,1434.51,187.53,1
318,DVDQS,Dairy,TopFarm,75.87,107.3,31.43,2.0,0.05835134649965191,159,335,216,4,12,39,High,3,5,87,30,3219.0,624.9,0
319,JFBAS,Bakery,SunMarket,11.02,17.58,6.56,2.28,0.08153944104476528,4,122,99,20,60,99,Low,2,21,32,8,140.64,43.36,1
320,UZHCZ,Household,MegaFood,33.17,53.35,20.18,1.63,0.16984632177621212,321,462,174,3,6,76,Medium,12,28,86,23,1227.05,-59.09,0
321,EOGKW,Canned,TopFarm,12.76,18.56,5.8,1.44,0.19924863758736458,325,401,268,35,70,36,High,10,10,46,27,501.12,-311.4,0
322,IXPMX,Drinks,SunMarket,64.2,87.66,23.46,1.34,0.07994570122534124,205,498,236,44,176,1,Low,11,6,46,62,5434.92,1179.82,0
323,MDDRR,Household,FreshCo,72.85,95.6,22.75,2.2,0.02206701516030519,245,492,154,35,140,52,High,6,28,83,23,2198.8,-15.75,0
324,IIBIF,Frozen,GoodTaste,45.75,76.56,30.81,0.36,0.03458847823701113,233,327,200,23,138,84,Medium,8,6,79,6,459.36,100.98,1
325,RFSVU,Frozen,SunMarket,24.58,33.67,9.09,1.61,0.12652193324751843,296,478,297,3,12,3,High,14,5,54,25,841.75,-249.31,0
326,HHCGB,Drinks,GoodTaste,54.71,96.92,42.21,1.25,0.2630731146627305,237,363,175,23,46,65,Medium,11,6,71,2,193.84,-211.83,0
327,JJGVV,Dairy,FreshCo,27.36,44.07,16.71,1.95,0.21855872778686883,98,235,279,36,216,47,High,7,21,37,77,3393.39,1095.57,1
328,MVHYH,Canned,SunMarket,73.15,119.91,46.76,1.38,0.18833888778210373,167,350,280,32,96,16,High,1,25,37,52,6235.32,2201.06,0
329,BXOTK,Dairy,GoodTaste,41.89,49.27,7.38,0.72,0.2846428124375619,16,43,173,27,81,74,Low,3,23,30,43,2118.61,305.82,1
330,SLOSC,Canned,TopFarm,76.05,97.86,21.81,1.67,0.03315398959945498,194,336,298,14,42,91,Medium,8,20,80,44,4305.84,635.66,1
331,ZREVN,Dairy,MegaFood,33.11,47.18,14.07,1.82,0.08523968552680865,112,207,107,29,87,93,Low,4,22,71,96,4529.28,1146.88,1
332,BGJGU,Bakery,SunMarket,22.47,32.18,9.71,2.3,0.24439174378752823,13,250,270,0,0,47,High,3,24,95,0,0.0,-29.9,0
333,LKTYW,Drinks,GoodTaste,20.45,34.55,14.1,2.01,0.19220913523786398,190,346,139,40,200,85,High,8,23,35,48,1658.4,294.9,1
334,WFCPV,Household,SunMarket,37.5,55.82,18.32,0.82,0.23931155866608964,342,596,280,43,129,77,Low,6,6,76,77,4298.14,1130.2,1
335,DKPZW,Frozen,MegaFood,9.33,16.76,7.43,2.06,0.17416036821672784,346,509,267,12,72,50,Low,14,11,74,52,871.52,-326.4,0
336,MCTFB,Dairy,GoodTaste,56.84,62.74,5.9,0.92,0.28802678930897374,158,226,3,26,104,28,Low,3,7,84,91,5709.34,391.54,0
337,HUPJL,Snacks,FreshCo,64.7,89.85,25.15,0.93,0.2820210674795521,37,322,213,14,56,71,Medium,8,21,77,35,3144.75,845.84,1
338,OXXHU,Drinks,MegaFood,71.13,122.26,51.13,1.62,0.2764134050861487,225,317,295,18,72,47,Medium,9,19,35,51,6235.26,2243.13,1
339,HMCLG,Bakery,TopFarm,75.91,99.93,24.02,0.35,0.02393330892397998,122,138,71,33,198,38,High,7,28,70,59,5895.87,1374.48,0
340,LVONV,Dairy,MegaFood,55.84,79.28,23.44,0.49,0.2641548375169441,45,339,16,38,114,43,High,6,22,81,100,7928.0,2321.95,1
341,ZSZYP,Canned,GoodTaste,39.64,65.12,25.48,0.7,0.08996938885911125,329,376,300,40,160,12,Low,13,24,63,69,4493.28,1527.82,0
342,XZCKH,Household,SunMarket,46.55,79.27,32.72,1.4,0.1657904562465371,124,305,151,18,54,34,High,5,11,34,35,2774.45,971.6,0
343,YBTTG,Snacks,FreshCo,50.47,88.18,37.71,0.69,0.042776834112364805,331,548,198,23,92,6,High,4,10,77,37,3262.66,1166.88,0
344,BGPKO,Bakery,MegaFood,40.54,57.48,16.94,2.29,0.026501160462431228,347,357,140,41,164,63,High,5,25,40,47,2701.56,1.55,1
345,JJFUF,Frozen,GoodTaste,24.06,29.1,5.04,2.14,0.08278858407132263,137,165,126,31,155,22,Medium,5,23,42,91,2648.1,165.46,0
346,DJAZP,Frozen,FreshCo,33.77,40.07,6.3,0.45,0.10311485322374787,109,271,183,37,74,68,High,5,8,65,96,3846.72,555.75,1
347,PUGRF,Canned,TopFarm,17.61,24.59,6.98,0.59,0.16772144382366785,340,555,50,6,30,29,Medium,12,5,43,14,344.26,-102.88,0
348,QYUDJ,Drinks,GoodTaste,16.89,20.71,3.82,2.39,0.23840004384524893,157,229,214,8,16,48,High,5,11,35,5,103.55,-356.13,0
349,GWQRM,Household,SunMarket,22.96,30.16,7.2,1.14,0.2747072373712507,160,299,285,9,45,54,High,8,10,77,37,1115.92,84.0,1
350,NHNEC,Dairy,TopFarm,15.19,24.01,8.82,2.02,0.20467878434892223,310,443,192,35,105,96,Medium,3,10,99,48,1152.48,-202.84,0
351,IZJJI,Frozen,SunMarket,13.0,23.15,10.15,0.56,0.2349577276218317,4,218,277,1,6,84,Medium,2,20,54,0,0.0,-2.24,0
352,ZKIVG,Snacks,GoodTaste,40.23,45.49,5.26,0.58,0.040952627815461384,212,480,16,17,51,88,High,4,27,66,54,2456.46,161.08,1
353,YSERE,Bakery,GoodTaste,33.26,41.59,8.33,2.48,0.26975421636933455,51,79,176,20,60,72,Medium,1,27,76,10,415.9,-43.18,0
354,XABKG,Household,GoodTaste,5.97,7.56,1.59,0.61,0.06348320996020042,246,499,108,25,75,93,High,7,23,98,88,665.28,-10.14,0
355,XMIHL,Bakery,MegaFood,65.7,75.0,9.3,1.63,0.018411320236723816,365,647,17,2,8,86,Medium,5,19,97,22,1650.0,-390.35,0
356,MTHLT,Canned,MegaFood,31.62,40.6,8.98,0.34,0.11614311328184605,136,330,295,1,6,92,High,3,6,36,27,1096.2,196.22,1
357,YVPLZ,Drinks,GoodTaste,54.78,72.6,17.82,0.2,0.010866589191014187,13,213,285,19,114,95,Low,1,30,90,49,3557.4,870.58,1
358,ZQQMI,Snacks,FreshCo,59.54,90.04,30.5,2.09,0.24057121368335013,94,223,107,25,150,29,Low,7,18,71,95,8553.8,2701.04,0
359,JHHXG,Drinks,TopFarm,27.15,38.64,11.49,0.54,0.04851424829595667,79,181,143,3,12,0,Low,4,11,99,31,1197.84,313.53,0
360,JINCT,Snacks,SunMarket,29.69,41.04,11.35,0.8,0.04419938685452257,211,293,25,15,75,50,High,13,7,52,52,2134.08,421.4,1
361,IUWGQ,Snacks,SunMarket,16.74,25.63,8.89,1.37,0.14387971202015284,158,224,141,16,32,73,Low,1,8,35,63,1614.69,343.61,1
362,LYEHH,Canned,SunMarket,45.73,74.05,28.32,1.93,0.20602267100843577,361,562,299,40,200,70,Medium,5,10,93,36,2665.8,322.79,1
363,RWQAQ,Household,SunMarket,53.5,87.26,33.76,2.34,0.12141707938556479,290,338,274,36,144,18,High,12,29,82,21,1832.46,30.36,0
364,REGYC,Household,TopFarm,49.52,59.3,9.78,0.66,0.004629484105715132,91,156,187,8,24,44,Medium,9,11,57,29,1719.7,223.56,1
365,SFMXW,Bakery,SunMarket,50.28,74.58,24.3,2.4,0.27070457579729307,156,227,258,49,147,80,Low,3,13,85,79,5891.82,1545.3,1
366,EPJNP,Drinks,TopFarm,47.98,76.12,28.14,2.03,0.15043190568374445,255,467,236,1,4,30,Low,8,24,76,34,2588.08,439.11,0
367,VQSGS,Household,MegaFood,19.83,23.24,3.41,0.96,0.26603643964011014,344,435,273,14,28,20,Low,9,20,83,34,790.16,-214.3,0
368,IITNT,Household,FreshCo,69.68,83.63,13.95,0.57,0.18426047385630337,133,313,178,38,190,66,Low,14,24,64,12,1003.56,91.59,1
369,QSUUD,Dairy,GoodTaste,50.52,79.18,28.66,1.12,0.24367735753500547,204,418,297,8,24,79,Low,7,10,83,20,1583.6,344.72,1
370,TQJFR,Snacks,TopFarm,17.62,28.96,11.34,2.01,0.023862893265430073,42,307,230,34,102,11,Low,4,16,41,57,1650.72,561.96,0
371,BBNCL,Canned,MegaFood,13.9,18.0,4.1,0.74,0.2008240570495868,165,274,281,35,140,84,Medium,14,7,69,40,720.0,41.9,1
372,RWZIK,Household,TopFarm,8.97,13.19,4.22,1.47,0.12394657571040989,40,78,107,2,10,41,High,7,24,76,6,79.14,-33.48,0
373,IYUZJ,Dairy,TopFarm,21.41,34.23,12.82,0.34,0.2629334292194033,186,283,50,42,168,91,Medium,7,5,54,42,1437.66,475.2,1
374,LQEED,Household,GoodTaste,57.8,103.26,45.46,0.32,0.24159910915267116,222,332,209,31,93,55,Low,10,27,96,22,2271.72,929.08,1
375,WJIJU,Snacks,GoodTaste,52.54,59.6,7.06,0.63,0.18300820092301517,16,286,84,29,58,51,Medium,2,26,99,6,357.6,32.28,1
376,AMSCU,Dairy,SunMarket,76.65,90.35,13.7,1.98,0.1283834037116737,70,283,245,33,66,7,High,7,8,74,22,1987.7,162.8,0
377,PHMFS,Household,FreshCo,36.61,58.71,22.1,0.13,0.1583860661993176,335,631,83,38,190,0,Low,5,21,57,92,5401.32,1989.65,0
378,GODPQ,Frozen,TopFarm,19.72,35.36,15.64,1.08,0.01826697996065878,43,268,166,18,54,32,High,11,7,95,38,1343.68,547.88,0
379,JQWCS,Bakery,TopFarm,47.83,53.19,5.36,1.33,0.11258786388626299,106,328,3,25,150,34,High,6,28,73,58,3085.02,169.9,0
380,SFZPF,Frozen,SunMarket,6.92,7.62,0.7,1.46,0.12072543578096936,274,307,264,23,115,39,Low,8,14,31,74,563.88,-348.24,0
381,YJAON,Canned,SunMarket,29.71,36.69,6.98,1.92,0.2782103405926387,128,190,233,7,42,86,Medium,12,23,38,10,366.9,-175.96,0
382,IPYFE,Frozen,SunMarket,41.27,50.65,9.38,0.57,0.17831963029283976,143,413,96,5,20,2,Low,3,19,60,40,2026.0,293.69,0
383,PUIMY,Household,MegaFood,17.97,27.32,9.35,0.71,0.19692026626833672,101,316,92,25,100,41,Medium,6,5,30,35,956.2,255.54,1
384,XOVCA,Bakery,GoodTaste,20.91,24.14,3.23,2.15,0.13168835366598544,276,417,252,9,45,43,High,8,17,80,88,2124.32,-309.16,0
385,PUAUX,Frozen,MegaFood,10.57,14.07,3.5,0.35,0.10617801186170327,158,346,234,32,96,98,Low,12,29,35,3,42.21,-44.8,0
386,ZTJHB,Drinks,SunMarket,51.89,83.82,31.93,2.17,0.014914281341850166,10,80,180,26,52,9,Low,14,17,63,17,1424.94,521.11,0
387,ZBBJD,Bakery,GoodTaste,76.51,102.47,25.96,1.96,0.22673133136179308,3,280,246,25,125,4,Low,6,17,69,12,1229.64,305.64,0
388,HEGZS,Household,TopFarm,10.43,15.08,4.65,2.06,0.05254795397953379,143,154,224,4,8,27,Low,5,7,80,38,573.04,-117.88,0
389,OQDMY,Household,GoodTaste,77.83,116.23,38.4,0.11,0.08284436506775841,75,210,264,12,60,95,High,9,28,93,99,11506.77,3793.35,1
390,NEEII,Frozen,SunMarket,7.82,12.62,4.8,0.65,0.05361419581394654,105,144,133,15,30,63,High,5,11,90,49,618.38,166.95,1
391,GRZKB,Drinks,MegaFood,71.38,120.41,49.03,0.68,0.18142888065594173,210,441,48,23,92,76,Medium,5,15,47,94,11318.54,4466.02,1
392,LDLYV,Frozen,FreshCo,31.82,47.92,16.1,0.75,0.12907438899113163,5,198,14,33,198,58,Low,2,17,33,33,1581.36,527.55,1
393,SDYJM,Bakery,TopFarm,18.35,27.0,8.65,0.11,0.031157585679060962,48,153,226,50,200,58,High,6,30,48,30,810.0,254.22,1
394,GCUOR,Household,TopFarm,37.62,46.16,8.54,2.03,0.29787670891435,143,318,116,21,126,87,Low,5,16,86,2,92.32,-273.21,0
395,GCHLG,Dairy,MegaFood,12.88,15.67,2.79,2.42,0.1838751323385843,31,211,215,46,138,17,Low,13,11,92,71,1112.57,123.07,0
396,CMFFQ,Household,FreshCo,73.48,93.14,19.66,0.95,0.08895141054632297,161,320,156,14,28,42,High,13,9,54,79,7358.06,1400.19,1
397,LNEQQ,Snacks,SunMarket,40.67,49.05,8.38,1.28,0.2718348591345043,319,460,14,0,0,61,Medium,10,12,30,0,0.0,-408.32,0
398,CZOTB,Dairy,FreshCo,39.61,55.02,15.41,0.29,0.07568014026051413,106,148,33,25,125,80,Medium,3,28,68,32,1760.64,462.38,1
399,IXDCS,Snacks,SunMarket,24.03,39.32,15.29,0.99,0.10154882709279124,293,403,203,47,282,53,High,2,22,48,35,1376.2,245.08,1
400,PEUJF,Dairy,FreshCo,71.48,95.59,24.11,1.32,0.19076041082921788,342,564,60,19,76,88,Medium,3,14,49,34,3250.06,368.3,1
401,XODAI,Frozen,MegaFood,42.6,49.64,7.04,1.32,0.048721332316112864,159,322,281,49,147,31,Low,2,28,41,61,3028.04,219.56,0
402,JCCVV,Dairy,TopFarm,68.14,85.73,17.59,2.12,0.23269872270573835,250,436,17,30,60,84,High,14,24,33,99,8487.27,1211.41,1
403,QFUKC,Bakery,TopFarm,50.5,68.75,18.25,2.17,0.004902831170789335,350,366,227,44,220,48,High,5,6,84,85,5843.75,791.75,1
404,LRMFP,Canned,TopFarm,71.09,82.66,11.57,2.44,0.23699958125701276,352,646,282,4,8,58,Low,11,17,99,11,909.26,-731.61,0
405,CFDFK,Drinks,GoodTaste,40.31,51.9,11.59,0.86,0.15490358834746396,35,207,162,19,95,62,Medium,11,18,36,69,3581.1,769.61,1
406,ORPHN,Snacks,MegaFood,74.24,126.04,51.8,0.29,0.2901017283936204,339,354,244,30,60,39,High,4,6,66,61,7688.44,3061.49,0
407,PJSTI,Frozen,MegaFood,48.09,64.76,16.67,0.89,0.12043363747555638,4,261,140,13,26,26,Medium,8,18,45,3,194.28,46.45,0
408,OTRTJ,Dairy,SunMarket,77.11,107.39,30.28,0.57,0.1188025420713818,364,528,299,30,180,49,Low,1,13,67,85,9128.15,2366.32,1
409,SZMZF,Bakery,GoodTaste,22.68,26.34,3.66,1.38,0.005126305532927499,298,503,76,46,92,59,Medium,14,6,54,12,316.08,-367.32,0
410,BGPZL,Dairy,GoodTaste,44.81,67.07,22.26,1.49,0.09156447699235001,11,218,247,27,162,1,High,2,10,61,30,2012.1,651.41,0
411,FFPWJ,Drinks,TopFarm,57.52,65.24,7.72,2.0,0.1889485034623737,245,453,118,6,30,4,Medium,12,12,80,80,5219.2,127.6,0
412,XFXNP,Frozen,FreshCo,51.02,83.66,32.64,0.5,0.2971331237875058,21,108,56,34,102,20,High,4,5,41,19,1589.54,609.66,0
413,TNHWI,Drinks,TopFarm,32.53,54.46,21.93,0.18,0.24493692860017635,282,433,266,45,225,75,Medium,1,16,60,24,1307.04,475.56,1
414,DWWDN,Drinks,FreshCo,8.44,14.02,5.58,0.89,0.23215824011310116,136,237,78,9,36,39,Low,1,10,53,15,210.3,-37.34,0
415,NFHFJ,Dairy,TopFarm,57.11,97.01,39.9,0.64,0.0616252474204535,231,397,50,6,30,46,High,8,26,52,88,8536.88,3363.36,1
416,XXFLG,Bakery,MegaFood,48.91,84.8,35.89,0.83,0.021553933981682805,9,251,216,15,30,38,High,11,20,37,9,763.2,315.54,0
417,DECTA,Household,MegaFood,13.73,21.15,7.42,1.37,0.11275142923135077,98,354,31,8,24,31,Low,3,12,96,41,867.15,169.96,0
418,ZDXVD,Drinks,TopFarm,67.03,102.4,35.37,2.29,0.2688589441418462,12,107,118,30,120,61,High,2,5,55,24,2457.6,821.4,1
419,ORICV,Dairy,TopFarm,57.58,98.3,40.72,1.94,0.022153069892138156,8,115,137,14,84,93,High,13,5,56,22,2162.6,880.32,1
420,JJORU,Household,MegaFood,19.22,26.6,7.38,2.08,0.09612087037506242,3,82,252,34,102,62,Medium,1,20,85,10,266.0,67.56,1
421,ZGUCS,Dairy,GoodTaste,72.51,104.24,31.73,1.68,0.2894853859697971,303,536,58,38,190,57,High,12,15,73,44,4586.56,887.08,1
422,NUYYU,Bakery,GoodTaste,14.71,22.91,8.2,0.17,0.275088894116529,179,331,237,23,69,42,Low,4,27,94,77,1764.07,600.97,1
423,ASYJX,Dairy,FreshCo,50.31,68.52,18.21,1.92,0.022107337373565527,251,437,178,19,114,37,Low,5,14,39,6,411.12,-372.66,0
424,WGQIW,Drinks,TopFarm,21.3,32.03,10.73,0.58,0.22573138949558127,277,519,96,38,76,7,Low,6,12,43,78,2498.34,676.28,0
425,UIUCU,Drinks,GoodTaste,55.89,75.3,19.41,1.83,0.027396208854307335,244,447,53,44,132,58,High,11,9,93,41,3087.3,349.29,1
426,ANWEF,Household,TopFarm,73.66,127.65,53.99,1.57,0.2700250958310361,123,368,22,40,80,84,Low,4,28,91,23,2935.95,1048.66,1
427,CGSOY,Bakery,SunMarket,61.62,101.75,40.13,0.61,0.24725829286867929,3,29,147,43,129,39,Medium,1,16,74,12,1221.0,479.73,0
428,FSDQM,Dairy,SunMarket,38.16,50.6,12.44,1.52,0.09193707759769235,223,408,96,20,60,41,Medium,12,21,42,36,1821.6,108.88,1
429,DRJPO,Bakery,SunMarket,60.6,79.39,18.79,1.36,0.15725004569246703,132,347,154,2,6,78,High,12,30,69,26,2064.14,309.02,1
430,CFVSH,Frozen,SunMarket,20.35,24.55,4.2,0.53,0.13265533328625573,117,353,172,17,51,44,Medium,3,8,92,68,1669.4,223.59,1
431,WPJAV,Dairy,MegaFood,8.78,13.76,4.98,1.76,0.07724694550505903,72,288,27,28,112,25,Medium,7,21,99,58,798.08,162.12,0
432,JFLMP,Bakery,FreshCo,36.91,49.76,12.85,0.11,0.15959462470646096,137,320,251,22,132,12,Medium,11,17,51,62,3085.12,781.63,0
433,SVAJT,Snacks,TopFarm,5.46,6.83,1.37,0.67,0.25237344163588044,320,555,254,46,276,69,Medium,11,22,68,73,498.59,-114.39,0
434,KNMHH,Frozen,TopFarm,70.8,110.77,39.97,1.14,0.13954974539296755,213,310,168,36,144,27,Low,2,6,84,8,886.16,76.94,0
435,YYSTV,Dairy,TopFarm,13.36,20.71,7.35,1.71,0.20592480076655525,216,380,256,2,6,87,High,5,12,51,43,890.53,-53.31,0
436,PSVLN,Frozen,MegaFood,13.89,16.52,2.63,2.35,0.16735195396148767,152,247,16,22,88,22,High,4,9,82,58,958.16,-204.66,0
437,PEZQG,Snacks,TopFarm,22.1,31.24,9.14,1.07,0.27492759834791136,173,398,155,43,215,90,Medium,13,28,68,92,2874.08,655.77,1
438,EYHQA,Dairy,TopFarm,10.72,18.55,7.83,1.78,0.23282935495920237,118,307,154,34,68,31,Low,4,19,57,23,426.65,-29.95,0
439,TMQLF,Canned,GoodTaste,67.36,117.42,50.06,1.96,0.0077585140952339815,288,539,65,12,36,86,High,10,12,80,44,5166.48,1638.16,1
440,GNULP,Bakery,MegaFood,51.4,81.63,30.23,0.52,0.09000284335314784,331,472,227,9,45,47,Low,1,8,90,31,2530.53,765.01,1
441,UZDEQ,Household,FreshCo,38.44,65.6,27.16,0.84,0.01069029549316769,316,382,14,30,180,37,Medium,8,20,39,94,6166.4,2287.6,0
442,XBDIP,Canned,SunMarket,41.07,68.23,27.16,0.13,0.24230747263016053,118,163,78,13,65,39,Low,13,24,67,69,4707.87,1858.7,0
443,SBWTI,Frozen,TopFarm,28.69,34.66,5.97,1.54,0.12042005848881399,12,192,245,46,92,43,Low,6,25,58,36,1247.76,196.44,1
444,IWHJD,Dairy,SunMarket,58.8,74.44,15.64,0.94,0.23102183274494356,151,297,6,27,135,14,Medium,1,22,70,30,2233.2,327.26,0
445,WZHTW,Dairy,GoodTaste,52.06,84.04,31.98,0.77,0.2776948437379909,261,390,168,39,78,5,High,2,28,95,71,5966.84,2069.61,0
446,YTPKY,Bakery,GoodTaste,14.25,19.07,4.82,0.84,0.017675748849319373,238,433,175,34,170,92,High,14,7,65,2,38.14,-190.28,0
447,VPIZM,Canned,TopFarm,54.72,72.68,17.96,1.88,0.2655329438403547,232,277,297,9,27,41,High,6,28,30,19,1380.92,-94.92,0
448,DDSDE,Snacks,SunMarket,25.47,30.3,4.83,2.27,0.17439616907179809,99,383,134,16,48,9,Medium,5,28,46,51,1545.3,21.6,0
449,MLJJC,Bakery,SunMarket,67.35,120.07,52.72,0.58,0.12359107586734924,273,381,143,42,168,89,Medium,14,10,65,61,7324.27,3057.58,1
450,NJVGP,Dairy,GoodTaste,24.92,33.52,8.6,1.38,0.28002804525491126,304,351,245,16,96,1,Medium,6,14,75,56,1877.12,62.08,0
451,FLITW,Frozen,SunMarket,50.41,77.06,26.65,1.23,0.2028973818377354,189,485,127,4,24,2,Low,7,25,82,57,4392.42,1286.58,0
452,QLNDH,Snacks,SunMarket,32.46,58.0,25.54,0.93,0.11525164702949448,338,619,220,26,78,5,Medium,10,15,88,2,116.0,-263.26,0
453,CDBYL,Snacks,FreshCo,55.27,70.79,15.52,1.8,0.19670225464170957,31,319,53,46,230,78,Low,10,15,85,42,2973.18,596.04,1
454,SPIHQ,Drinks,FreshCo,78.65,134.67,56.02,0.35,0.17897897125117887,324,479,2,31,124,15,Medium,7,28,56,76,10234.92,4144.12,0
455,NTOYZ,Dairy,SunMarket,58.94,80.21,21.27,2.04,0.26089449911325924,60,121,251,41,123,63,Low,7,16,45,7,561.47,26.49,1
456,NUGNL,Canned,FreshCo,57.31,80.26,22.95,0.94,0.14442273501404052,73,318,128,22,88,86,High,3,12,58,90,7223.4,1996.88,1
457,CDCLX,Canned,TopFarm,59.8,80.36,20.56,1.25,0.2736819342266691,267,364,289,24,96,56,Medium,11,20,57,19,1526.84,56.89,1
458,RYNZE,Dairy,MegaFood,30.08,34.16,4.08,0.95,0.18827541087028304,14,194,67,23,138,83,Low,7,21,47,64,2186.24,247.82,1
459,PGHFP,Canned,SunMarket,76.87,101.5,24.63,2.18,0.2112744479443657,105,342,283,36,144,76,High,1,26,65,40,4060.0,756.3,1
460,SDNSP,Frozen,MegaFood,14.3,17.23,2.93,2.16,0.08584278247623509,127,174,54,11,66,16,Low,5,14,73,63,1085.49,-89.73,0
461,BSRLQ,Dairy,GoodTaste,21.04,25.74,4.7,1.47,0.1862484933443986,30,131,164,50,150,34,Medium,11,22,62,19,489.06,45.2,0
462,HHJKD,Bakery,MegaFood,57.48,72.62,15.14,1.8,0.06129293407770697,246,412,241,15,90,91,Medium,10,30,100,65,4720.3,541.3,1
463,MIUUM,Canned,GoodTaste,78.35,114.29,35.94,1.49,0.019873273562630776,210,417,136,28,140,86,High,13,29,32,34,3885.86,909.06,1
464,CHSWK,Dairy,FreshCo,26.41,31.22,4.81,0.57,0.08830716148746234,327,564,116,1,5,80,Medium,11,10,41,54,1685.88,73.35,1
465,NNIUN,Canned,TopFarm,5.99,10.03,4.04,0.92,0.03232782487887442,278,484,201,39,117,68,High,2,11,97,73,732.19,39.16,1
466,ZKRQF,Frozen,GoodTaste,6.9,7.93,1.03,1.34,0.050562903660037836,321,509,197,9,18,41,Medium,12,21,56,58,459.94,-370.4,0
467,LHOOD,Bakery,GoodTaste,51.93,63.59,11.66,1.59,0.1683049278903516,131,309,149,41,82,0,Low,8,16,37,77,4896.43,689.53,0
468,LCMPU,Bakery,FreshCo,79.83,122.39,42.56,2.41,0.1836840433521134,297,340,72,15,30,63,Low,10,30,87,15,1835.85,-77.37,0
469,RFQFO,Bakery,TopFarm,52.49,58.69,6.2,0.23,0.21260423695026437,348,514,164,48,144,23,High,4,8,80,93,5458.17,496.56,0
470,XGJHT,Bakery,MegaFood,66.76,103.79,37.03,1.97,0.14822891253671375,153,384,194,12,72,66,Low,5,21,56,64,6642.56,2068.51,1
471,COUMC,Snacks,MegaFood,47.33,79.71,32.38,1.64,0.29800784825664406,316,501,271,3,18,2,High,5,25,58,84,6695.64,2201.68,0
472,KFQTB,Frozen,MegaFood,24.6,38.35,13.75,1.01,0.11746185205153811,327,540,116,17,51,84,High,14,24,41,82,3144.7,797.23,1
473,FSCKT,Dairy,FreshCo,51.6,66.12,14.52,1.02,0.24231786352445311,252,290,113,34,170,13,Low,12,19,43,65,4297.8,686.76,0
474,BJSJL,Household,SunMarket,23.54,26.49,2.95,1.2,0.02543816749143177,133,244,235,4,12,59,Medium,7,11,39,17,450.33,-109.45,0
475,QFUGW,Household,GoodTaste,15.61,23.63,8.02,0.96,0.28784493292106195,268,439,194,49,196,35,High,10,18,74,82,1937.66,400.36,0
476,BALAM,Household,TopFarm,16.66,22.27,5.61,0.85,0.18113387413257953,116,344,26,21,42,51,Medium,3,7,77,23,512.21,30.43,1
477,TXQJP,Canned,GoodTaste,22.01,25.49,3.48,2.33,0.02018007178253256,9,173,41,6,24,32,Medium,3,15,99,7,178.43,3.39,0
478,SAPHI,Canned,MegaFood,69.39,78.27,8.88,2.29,0.048865390255676655,87,155,279,39,78,57,High,2,10,73,61,4774.47,342.45,1
479,FDUUY,Frozen,GoodTaste,62.25,92.99,30.74,0.77,0.294150620302612,3,246,34,1,3,67,Medium,14,30,58,0,0.0,-2.31,0
480,LSATI,Household,TopFarm,60.2,72.58,12.38,1.79,0.15431613973339658,196,387,65,34,102,59,Low,13,23,94,13,943.54,-189.9,0
481,GNXNR,Canned,MegaFood,41.64,74.48,32.84,0.44,0.0918413143822824,354,645,239,34,170,66,Medium,10,6,50,1,74.48,-122.92,0
482,PRUCF,Snacks,FreshCo,66.09,118.12,52.03,0.22,0.26669746510644005,173,248,179,3,6,46,High,12,6,89,34,4016.08,1730.96,1
483,VCJUV,Dairy,MegaFood,35.28,52.83,17.55,2.31,0.22686484162948942,258,509,12,1,3,95,Low,4,19,83,25,1320.75,-157.23,0
484,QIBHE,Household,TopFarm,71.14,119.19,48.05,1.85,0.2368647067932561,28,213,265,29,116,19,Medium,12,25,50,36,4290.84,1678.0,0
485,RYLCU,Bakery,FreshCo,33.88,59.21,25.33,1.77,0.25362992901774345,303,498,228,42,84,32,High,9,22,63,59,3493.39,958.16,0
486,BZRYG,Bakery,MegaFood,20.56,27.16,6.6,0.49,0.2168100414552858,348,615,139,41,205,82,Medium,6,18,66,53,1439.48,179.28,1
487,FBJWN,Drinks,MegaFood,48.27,61.92,13.65,0.82,0.06921739468912537,158,360,283,41,246,58,High,1,26,43,11,681.12,20.59,1
488,ZZTPV,Canned,MegaFood,67.0,84.92,17.92,0.65,0.24355152556272183,243,451,266,18,54,71,High,7,7,87,73,6199.16,1150.21,1
489,LMTUI,Dairy,GoodTaste,78.29,114.36,36.07,0.15,0.11920119210994658,308,524,140,44,132,65,Medium,14,29,39,62,7090.32,2190.14,1
490,BERUR,Canned,SunMarket,79.14,116.05,36.91,0.74,0.19775620705038338,237,362,101,28,168,94,Low,12,5,31,53,6150.65,1780.85,1
491,DXCMI,Dairy,SunMarket,46.86,84.31,37.45,2.27,0.1459516600321915,22,189,294,1,6,21,High,7,26,57,3,252.93,62.41,0
492,RMXYJ,Canned,TopFarm,79.06,118.02,38.96,0.67,0.18704938304553245,159,287,117,34,102,91,High,1,8,88,90,10621.8,3399.87,1
493,NWDIM,Frozen,FreshCo,73.26,111.1,37.84,1.03,0.13272016858518124,196,352,48,49,98,29,Medium,13,9,76,57,6332.7,1955.0,0
494,EJEUI,Household,SunMarket,16.61,22.37,5.76,0.48,0.12770627092053644,130,390,67,5,30,100,Low,4,16,74,45,1006.65,196.8,1
495,SWMJM,Frozen,SunMarket,55.95,94.8,38.85,0.74,0.2796852435126012,237,311,20,30,180,39,Low,8,10,83,4,379.2,-19.98,0
496,LMXYU,Snacks,GoodTaste,38.08,61.47,23.39,0.28,0.006831095581457702,12,280,21,26,52,34,High,6,8,76,20,1229.4,464.44,0
497,WKKCJ,Canned,SunMarket,5.3,8.68,3.38,1.01,0.1581875967824127,95,252,267,26,130,25,Medium,6,14,56,7,60.76,-72.29,0
498,RIVJE,Snacks,SunMarket,52.89,94.28,41.39,1.22,0.28461235256468537,118,154,213,25,125,89,High,4,23,51,60,5656.8,2339.44,1
499,ZQVQB,Frozen,FreshCo,51.51,57.67,6.16,0.45,0.26284320744881584,79,120,241,5,30,9,Low,9,25,47,43,2479.81,229.33,0
500,XFKHP,Drinks,MegaFood,5.66,8.56,2.9,0.22,0.1528205888370149,352,610,141,10,30,99,High,1,18,34,37,316.72,29.86,1
